search_label,property_type,price,deposit,monthly_rent,address,floor,size,description,link,photo
인천시 아파트,아파트,"월세 2,000/120","2,000만원",120만원,선부동 안산메트로타운푸르지오힐스테이트(주상복합),7층,74.76m2,27년 3월말까지 거주가능한 단기 월세입니다.,https://www.peterpanz.com/house/19297500,https://static.peterpanz.com/apt/111264/90533c08ccfddb632919361098156b7f_thumb.jpg
인천시 아파트,아파트,"월세 3,000/130","3,000만원",130만원,선부동 안산메트로타운푸르지오힐스테이트(주상복합),8층,84.50m2,"2027년 3월말까지 단기 임대 조건, 에어컨, 중문 설치",https://www.peterpanz.com/house/19288307,https://static.peterpanz.com/apt/111264/4d0a101bf12e2ef2f5e1249151ca0768_thumb.jpg
인천시 아파트,아파트,월세 500/60,500만원,60만원,우면동 호반써밋서초파크뷰,고층,84.95m2,하우스메이트 구함(서초구 아파트),https://www.peterpanz.com/house/19295435,https://img.peterpanz.com/photo/20260506/19295435/24dcd5adbb0d70b01ac84ab1498a656a_thumb.jpg
인천시 아파트,아파트,월세 150/90,150만원,90만원,신흥동2가 삼익,저층,108m2,ꕤ아파트가 이가격? ꕤ처음보는 실제 가격 쓰리룸 매물최다보유ꕤ,https://www.peterpanz.com/house/19261234,https://img.peterpanz.com/photo/20250924/18154552/68d3789ab5cc6_thumb.jpg
인천시 아파트,아파트,"월세 3,000/170","3,000만원",170만원,송도동 송도럭스오션SK뷰,29층,84.98m2,"단기1년,양창오션뷰,빠른입주가능,풀에어컨,마감특화,넓은드레스룸",https://www.peterpanz.com/house/19286604,https://realty.asil.kr/files_new_e/mm/2026/05/2026050510072514020_51343_ws.jpg
인천시 아파트,아파트,단기 200/50,,,구산동 GS부평자이,3층,84.74m2,송내역 도보 15분 거리 여성 하우스메이트 구함,https://www.peterpanz.com/house/19145043,https://img.peterpanz.com/photo/20260406/19145043/87dd6b41f82361eed02bb5d6a4d68cc1_thumb.jpg
인천시 아파트,아파트,"월세 3,000/150","3,000만원",150만원,원당동 검단호수공원역호반써밋,고층,84.62m2,"티파니,에6,중문,주방펜트리,고층뷰",https://www.peterpanz.com/house/19227224,https://realty.asil.kr/files_new_e/mm/2026/04/2026042215160113106_43234_ws.jpg
인천시 아파트,아파트,"월세 2,000/115","2,000만원",115만원,중산동 영종하늘도시한신더휴2차,저층,74.75m2,에어컨4대.중문.풀옵션.전입신고가능.,https://www.peterpanz.com/house/17871811,https://img.peterpanz.com/photo/20250719/17836970/687a7393de2fa_thumb.jpg
인천시 아파트,아파트,"월세 3,000/230","3,000만원",230만원,송도동 송도럭스오션SK뷰,저층,84.95m2,"사계절단지뷰와오션뷰,빠른입주가능,판상형,에어컨3대,중문",https://www.peterpanz.com/house/19297205,https://realty.asil.kr/files_new_e/mm/2026/05/2026050711085968171_51343_ws.jpg
인천시 아파트,아파트,"월세 3,000/150","3,000만원",150만원,효성동 제일풍경채계양위너스카이1단지,4층,75.88m2,빠른 입주 합리적가격 수납편리 남동향 에어컨4대,https://www.peterpanz.com/house/19222399,https://realty.asil.kr/files_new_e/mm/2026/04/2026042116025547430_45513_rot.jpg
인천시 아파트,아파트,"월세 2,000/85","2,000만원",85만원,정왕동 세종1차,5층,74.56m2,"역세권, 올수리.날짜협의",https://www.peterpanz.com/house/19284632,
인천시 아파트,아파트,"월세 3,000/220","3,000만원",220만원,송도동 힐스테이트레이크송도3차,17층,84.88m2,I정답입니다I 멋진호수뷰 아름다운야경 풀옵션,https://www.peterpanz.com/house/19185401,
인천시 아파트,아파트,"월세 1,000/250","1,000만원",250만원,송도동 랜드마크시티센트럴더샵,중층,84.81m2,"o사이다o 뻥 뚫린 사이다뷰,월세를 연세로 납부하는 조건, 풀에어컨",https://www.peterpanz.com/house/19248554,
인천시 아파트,아파트,"월세 3,000/130","3,000만원",130만원,광명동 금반석시티1차(주상복합),중층,78.38m2,O초역세권아파트O광명사거리역 도보3분O넓고 상태 좋음O 빠른입주가능O,https://www.peterpanz.com/house/19184076,
인천시 아파트,아파트,"월세 3,000/120","3,000만원",120만원,정왕동 동원,2층,84.75m2,역세권 월세 올수리 전실구조 배곧상권 인접,https://www.peterpanz.com/house/19289755,
인천시 아파트,아파트,"월세 4,000/165","4,000만원",165만원,부평동 부평역해링턴플레이스,39층,72.87m2,"U복덩이U 풀가전.가구옵션, 뷰예뻐요, 집예뻐요",https://www.peterpanz.com/house/19241453,
김포시 아파트,아파트,"월세 2,000/160","2,000만원",160만원,구래동 한가람마을우미린,중층,105.82m2,"선호하는 판상형구조,일조권좋은집,확트인뷰,빠른입주가능,이사협의",https://www.peterpanz.com/house/19238430,https://realty.asil.kr/files_new_e/mm/2026/04/2026042413100711861_42763_rot.jpg
김포시 아파트,아파트,월세 50/35,50만원,35만원,주엽동 문촌4단지삼익,6층,100.80m2,주엽역 역세권입니다 걸어서 5분 경의선쪽은 10분내외,https://www.peterpanz.com/house/19176012,https://img.peterpanz.com/photo/20260412/19176012/78208bf55c32cd21d2a5c00ab011d8be_thumb.jpg
김포시 아파트,아파트,"월세 3,000/115","3,000만원",115만원,대화동 킨텍스휴먼빌,7층,84.36m2,"올수리,즉시 입주 가능,정 남향,교통 편리합니다",https://www.peterpanz.com/house/19299018,
김포시 아파트,아파트,"월세 3,000/160","3,000만원",160만원,구래동 한가람마을우미린,18층,105.78m2,"26년 6월 이사협의,기둥철거,실링팬,매립조명,리모델링 된 집.",https://www.peterpanz.com/house/19292269,
강원도 아파트,아파트,"월세 4,000/150","4,000만원",150만원,약사동 춘천롯데캐슬위너클래스,3층,84.80m2,"에어컨4대,중문,줄눈,대리석리모델링,간접조명,",https://www.peterpanz.com/house/19213516,https://realty.asil.kr/files_new_e/mm/2026/04/2026042010345621732_42954_ws.jpg
강원도 아파트,아파트,월세 100/55,100만원,55만원,신읍동 한국,5층,84.22m2,포천 시청5분거리,https://www.peterpanz.com/house/19233495,https://img.peterpanz.com/photo/20260423/19233495/72aea51882b35b29acff8c496c1bfa5a_thumb.jpg
강원도 아파트,아파트,"월세 3,000/95","3,000만원",95만원,어룡동 포천모아엘가리더스파크,4층,84.88m2,o강추o 관리잘된집 싹 다맞쳐드림 탑과함께해요,https://www.peterpanz.com/house/19296867,
강원도 아파트,아파트,"월세 3,000/130","3,000만원",130만원,근화동 춘천파밀리에리버파크(주상복합),23층,84.78m2,"거실 양창 조망 굿.시에4대,중문,인덕션",https://www.peterpanz.com/house/19201500,
부산시 아파트,아파트,"월세 3,000/180","3,000만원",180만원,중동 디아트,저층,84.77m2,`* 달맞이 디아트 귀한매물월세 l 대리석 인테리어,https://www.peterpanz.com/house/19227131,https://img.peterpanz.com/photo/20260422/19227131/69e875cdef1ac_thumb.jpg
부산시 아파트,아파트,"월세 1,000/230","1,000만원",230만원,범전동 삼한골든뷰센트럴파크(주상복합),중층,84.97m2,선착순1명구해줘 그집!귀한물건 입주빠름보증금 조절가능!,https://www.peterpanz.com/house/19210910,https://img.peterpanz.com/photo/20260418/19210910/69e37865a1de6_thumb.jpg
부산시 아파트,아파트,월세 300/33,300만원,33만원,범천동 서면유림노르웨이숲,15층,84.95m2,세대분리형 원룸 가성비 끝판왕,https://www.peterpanz.com/house/19270693,https://img.peterpanz.com/photo/20250918/18124237/68cbb79bca597_thumb.jpg
부산시 아파트,아파트,단기 500/150,,,송정동 해운대경보이리스힐,15층,75.53m2,"송정바닷가 도보5분, 중동 백병원 차량 5분 조용한 최고의 주거환경",https://www.peterpanz.com/house/19146227,https://img.peterpanz.com/photo/20260407/19146227/69d460d83fda4_thumb.jpg
부산시 아파트,아파트,"월세 1,000/50","1,000만원",50만원,반여동 현대1차,1층,71.56m2,"26 남향, 귀한 1층 , 올수리, 입주4월말 협의가능",https://www.peterpanz.com/house/19218643,https://img.peterpanz.com/photo/20260321/19061847/906cc77b10ecbe8cc41d4182b3bd26b5_thumb.jpg
부산시 아파트,아파트,"월세 2,000/190","2,000만원",190만원,중동 디아트,저층,84.77m2,꿀매물,https://www.peterpanz.com/house/19254283,https://img.peterpanz.com/photo/20260427/19253628/69ef6cb28e8f3_thumb.jpg
부산시 아파트,아파트,"월세 3,000/160","3,000만원",160만원,부암동 백양산서희스타힐스,13층,84.98m2,숲세권신축귀한월세쾌적한 주거환경24시문의,https://www.peterpanz.com/house/19277904,https://img.peterpanz.com/photo/20260502/19277904/69f5af7fd85db_thumb.jpg
제주시 아파트,아파트,월세 500/71,500만원,71만원,삼양이동 대일,5층,83.55m2,한라산뷰 정남향 올리모델링 삼양대일아파트 가장 큰평수 연세,https://www.peterpanz.com/house/19260089,https://realty.asil.kr/files_new_e/mm/2026/04/2026042819181022571_48888_rot.jpg
제주시 아파트,아파트,"월세 1,000/134","1,000만원",134만원,도련일동 제주삼화사랑으로부영6차,10층,84.36m2,전망 좋고 탑층 학교 앞,https://www.peterpanz.com/house/19165121,https://realty.asil.kr/files_new_e/mm/2026/04/2026040917593733765_43719_rot.jpg
제주시 아파트,아파트,"월세 2,000/175","2,000만원",175만원,조천읍 제주시엘크루더퍼스트,2층,84.95m2,엘크루.연세.30평대.함덕.대장단지.로얄호실.함덕해수욕장.,https://www.peterpanz.com/house/19233749,https://realty.asil.kr/files_new_e/mm/2026/04/2026042316005103134_46511_ws.jpg
제주시 아파트,아파트,"월세 1,000/141","1,000만원",141만원,화북이동 제주삼화LH2단지,4층,84.95m2,내부최상.정남향.개방감좋음.삼화초앞.바로입주.년세,https://www.peterpanz.com/house/19290032,https://realty.asil.kr/files_new_e/mm/2026/05/2026050610380913428_49608_ws.jpg
제주시 아파트,아파트,"월세 1,000/142","1,000만원",142만원,도련일동 제주삼화사랑으로부영6차,6층,84.36m2,한라산전망 즉시입주 정남향 학교앞,https://www.peterpanz.com/house/19299382,https://realty.asil.kr/files_new_e/mm/2026/05/2026050714144134643_43719_ws.jpg
제주시 아파트,아파트,"월세 1,000/108","1,000만원",108만원,화북일동 화북주공1단지,4층,84.60m2,화북주공1단지 년세,https://www.peterpanz.com/house/19288836,https://realty.asil.kr/files_new_e/mm/2026/05/2026050517584677525_48488_ws.jpg
부산시 빌라주택,빌라/주택,"월세 2,500/50","2,500만원",50만원,수영구 망미동,1층,58.84m2,올리모델링 복층 즉입가능 2층 옥상 단독사용 가능!,https://www.peterpanz.com/house/19181386,https://img.peterpanz.com/photo/20260310/19005470/69aff9e5bf182_thumb.jpg
부산시 빌라주택,빌라/주택,월세 500/70,500만원,70만원,부산진구 부암동,4층,30m2,부암동귀한쓰리룸시민공원인근,https://www.peterpanz.com/house/19204691,https://img.peterpanz.com/photo/20260417/19204691/69e1c890ecd18_thumb.jpg
부산시 빌라주택,빌라/주택,"월세 1,000/50","1,000만원",50만원,중구 영주동,2층,41.16m2,"방3개,풀옵션 채광시설 너무 좋아요",https://www.peterpanz.com/house/19160849,https://img.peterpanz.com/photo/20260409/19160849/69d7231f0100a_thumb.jpg
부산시 빌라주택,빌라/주택,"월세 1,000/55","1,000만원",55만원,북구 덕천동,2층,69.99m2,살고 싶은 집 찾으셨죠?,https://www.peterpanz.com/house/19274362,https://img.peterpanz.com/photo/20260331/19112638/69cb9f1d330bb_thumb.jpg
부산시 빌라주택,빌라/주택,월세 500/40,500만원,40만원,부산진구 개금동,고층,47.58m2,개금시장 방3 위치좋은매물 보증금조절가능 문의환영,https://www.peterpanz.com/house/19188513,https://img.peterpanz.com/photo/20260414/19188513/69ddf0dd8c05e_thumb.jpg
부산시 빌라주택,빌라/주택,월세 500/65,500만원,65만원,부산진구 전포동,4층,30.25m2,보증금500 화이트톤 리모델링 전포동 추천 집,https://www.peterpanz.com/house/19298205,https://img.peterpanz.com/photo/20241219/16607305/6763d9351d35b_thumb.jpg
부산시 빌라주택,빌라/주택,"월세 1,000/40","1,000만원",40만원,남구 용당동,중층,78.88m2,"실매물 , 방3개,거실1개, 도배 장판 교체예정, LH전세대출가능",https://www.peterpanz.com/house/19270262,https://img.peterpanz.com/photo/20260331/19110922/69cb6231c4adf_thumb.jpg
부산시 빌라주택,빌라/주택,"월세 1,000/40","1,000만원",40만원,북구 덕천동,2층,56.04m2,역세권_리모델링+거실1방3_해잘듬_가격할인,https://www.peterpanz.com/house/19181410,https://img.peterpanz.com/photo/20260107/18692051/695e3ec9c6137_thumb.jpg
부산시 빌라주택,빌라/주택,"월세 1,000/18","1,000만원",18만원,부산진구 전포동,2층,28.43m2,"복층,방3,주방,화1,옥상단독",https://www.peterpanz.com/house/19228677,https://img.peterpanz.com/photo/20240808/15845616/66b443c5da227_thumb.jpg
부산시 빌라주택,빌라/주택,월세 500/40,500만원,40만원,북구 구포동,1층,66.52m2,초특가 l 방3거실1 l 인기매물,https://www.peterpanz.com/house/19280958,https://img.peterpanz.com/photo/20260402/19123876/69ce24f9a0690_thumb.jpg
부산시 빌라주택,빌라/주택,"월세 1,000/75","1,000만원",75만원,서구 암남동,8층,72.30m2,"편한 자주식 주차 가능한 상가주택 거실,방3,화2",https://www.peterpanz.com/house/19176830,https://img.peterpanz.com/photo/20260121/18767131/6970a9a80b9a4_thumb.jpg
부산시 빌라주택,빌라/주택,"월세 1,000/40","1,000만원",40만원,부산진구 개금동,4층,111m2,상가주택 4층 34평 단독,https://www.peterpanz.com/house/19292420,https://img.peterpanz.com/photo/20260504/19285700/69f945df0e4a1_thumb.jpg
부산시 빌라주택,빌라/주택,"월세 1,000/30","1,000만원",30만원,금정구 서동,1층,67m2,"서동역 도보3분, 1층, 방3칸 밝고 깨끗",https://www.peterpanz.com/house/19170515,https://img.peterpanz.com/photo/20210208/11236759/6020e436a5003_thumb.jpg
부산시 빌라주택,빌라/주택,월세 500/35,500만원,35만원,부산진구 전포동,고층,51.30m2,"풀옵션,방3,거실,화1,베란다,저렴한월세",https://www.peterpanz.com/house/19176950,https://img.peterpanz.com/photo/20260312/19011956/69b193679228c_thumb.jpg
부산시 빌라주택,빌라/주택,"월세 6,000/25","6,000만원",25만원,부산진구 전포동,고층,46.86m2,"복층구조,방3,거실,화1,베란다,옥상사용가능",https://www.peterpanz.com/house/19199252,https://img.peterpanz.com/photo/20250416/17346228/67ffab14e701c_thumb.jpg
부산시 빌라주택,빌라/주택,월세 300/51,300만원,51만원,해운대구 재송동,중층,58.27m2,주목넓은 쓰리룸 가성비 최고 애완동물가능인기매물,https://www.peterpanz.com/house/19149426,https://img.peterpanz.com/photo/20260407/19149426/69d490cb4d588_thumb.jpg
부산시 빌라주택,빌라/주택,"월세 1,000/40","1,000만원",40만원,연제구 연산동,2층,46m2,#부산 전지역 월세 & 단기 전문,https://www.peterpanz.com/house/19217327,https://img.peterpanz.com/photo/20260420/19217327/69e5ec876232e_thumb.jpg
부산시 빌라주택,빌라/주택,월세 500/35,500만원,35만원,북구 구포동,2층,57.60m2,쓰리룸 l 초특가 l 조용한주택가,https://www.peterpanz.com/house/19277979,https://img.peterpanz.com/photo/20260429/19264251/69f1d3fde0901_thumb.jpg
부산시 빌라주택,빌라/주택,"월세 2,000/65","2,000만원",65만원,사하구 괴정동,3층,53.85m2,"실내계단이 있는 복층형 주택, 화이트톤 예쁜 주택입니다.",https://www.peterpanz.com/house/19275560,https://img.peterpanz.com/photo/20240503/15462376/6634617b65568_thumb.jpg
부산시 빌라주택,빌라/주택,"월세 3,000/35","3,000만원",35만원,부산진구 가야동,3층,48.50m2,개금동의대역양방향5분가야동특쓰리룸보증금조정가능전세대출가능남향신축,https://www.peterpanz.com/house/19158160,https://img.peterpanz.com/photo/20251201/18512984/692d25d41d878_thumb.jpg
부산시 빌라주택,빌라/주택,월세 500/60,500만원,60만원,부산진구 전포동,6층,43.20m2,보증금 500 쓰리룸 꿀매물 풀옵션,https://www.peterpanz.com/house/19269515,https://img.peterpanz.com/photo/20250312/17115800/67d0eda63ef14_thumb.jpg
부산시 빌라주택,빌라/주택,"월세 2,000/80","2,000만원",80만원,수영구 광안동,고층,56.93m2,"실매물, 광인해수욕장 5분거리 방3개 거실1개 도배,장판교체",https://www.peterpanz.com/house/19270254,https://img.peterpanz.com/photo/20260331/19111134/69cb6848345d4_thumb.jpg
부산시 빌라주택,빌라/주택,"월세 2,000/61","2,000만원",61만원,사하구 당리동,2층,46.22m2,넓은3룸ㅣ6월ㅣ가성비,https://www.peterpanz.com/house/19164713,https://img.peterpanz.com/photo/20260309/18998826/69aeb6484d381_thumb.jpg
부산시 빌라주택,빌라/주택,"월세 1,000/65","1,000만원",65만원,남구 문현동,1층,59.21m2,방3개+거실1개 가성비 좋은빌라 단기는 문의,https://www.peterpanz.com/house/19279143,https://img.peterpanz.com/photo/20260503/19279143/69f6d98a98984_thumb.jpg
부산시 빌라주택,빌라/주택,"월세 1,000/65","1,000만원",65만원,남구 대연동,3층,83.05m2,"실매물 , 넓은빌라 방3개 거실1개 욕실1개 즉시입주가능",https://www.peterpanz.com/house/19221780,https://img.peterpanz.com/photo/20260421/19221780/69e718c0442ca_thumb.jpg
부산시 빌라주택,빌라/주택,"월세 2,000/32","2,000만원",32만원,연제구 연산동,2층,41.94m2,복층 낭만에 대하여 가성비 복층 단독 옥상사용 가능!,https://www.peterpanz.com/house/19271451,https://img.peterpanz.com/photo/20251120/18457106/691edf74c4e0d_thumb.jpg
부산시 빌라주택,빌라/주택,"월세 1억 2,000/50","1억 2,000만원",50만원,수영구 광안동,고층,66.04m2,`* 포룸 수리되어 깔끔한 호실 l 채광좋음,https://www.peterpanz.com/house/19287287,https://img.peterpanz.com/photo/20260505/19287287/69f96a1e783c6_thumb.jpg
부산시 빌라주택,빌라/주택,"월세 1,000/45","1,000만원",45만원,남구 대연동,2층,33.49m2,대연동 쓰리룸! 주택의 로망! 인테리어 마음대로 하고싶은 사람 손!,https://www.peterpanz.com/house/19178446,https://img.peterpanz.com/photo/20250825/17984203/68abe27f9ad03_thumb.jpg
부산시 빌라주택,빌라/주택,"월세 2,000/50","2,000만원",50만원,사상구 주례동,2층,76.96m2,"귀한 탑층 독채 상가주택 넓은 평수 거실,방5,화1,",https://www.peterpanz.com/house/19246729,https://img.peterpanz.com/photo/20260323/19063973/69c00ecc614c2_thumb.jpg
부산시 빌라주택,빌라/주택,"월세 2,000/60","2,000만원",60만원,사상구 괘법동,중층,56.05m2,"+ 방3개,화장실2개 + 귀한매물 + 즉시입주가능 +",https://www.peterpanz.com/house/19178583,https://img.peterpanz.com/photo/20260413/19178583/69dc524e10264_thumb.jpg
부산시 빌라주택,빌라/주택,"월세 2,000/75","2,000만원",75만원,수영구 광안동,4층,37.97m2,광안동초역세권 풀옵션 채광 좋고 넓은 쓰리룸!!,https://www.peterpanz.com/house/19220788,https://img.peterpanz.com/photo/20260421/19220788/69e6ffa80952a_thumb.jpg
부산시 빌라주택,빌라/주택,월세 500/20,500만원,20만원,서구 남부민동,3층,52.90m2,버스정류장 가까움,https://www.peterpanz.com/house/19278445,https://img.peterpanz.com/photo/20260331/19112507/94f8d5f149cbae1a5c5ec7bd174a84f7_thumb.jpg
부산시 빌라주택,빌라/주택,"월세 2,000/50","2,000만원",50만원,사하구 괴정동,3층,36.37m2,ꯁ 3개월 월세무료ㅣ 방3ㅣ보건대 인근 리모델링 ꯁ,https://www.peterpanz.com/house/19192614,https://img.peterpanz.com/photo/20260415/19192614/69df1b370a407_thumb.jpg
부산시 빌라주택,빌라/주택,월세 500/70,500만원,70만원,동래구 안락동,2층,40.76m2,"방3개. 거실. 풀옵션 가능,",https://www.peterpanz.com/house/19279417,https://img.peterpanz.com/photo/20250821/17961897/68a668b56096f_thumb.jpg
부산시 빌라주택,빌라/주택,"월세 5,000/45","5,000만원",45만원,사하구 하단동,1층,76.65m2,"I 방3, 거실, 화장실, 베란다 I 마당있는 집 I",https://www.peterpanz.com/house/19285443,https://img.peterpanz.com/photo/20260331/19112187/69cb85dc867ac_thumb.jpg
부산시 빌라주택,빌라/주택,"월세 2,500/55","2,500만원",55만원,부산진구 범천동,4층,45.69m2,"범일역5분거리,전망 탁 트임.도시가스 사용, 올 수리 완료",https://www.peterpanz.com/house/19155053,https://img.peterpanz.com/photo/20250911/18085648/68c286d15d097_thumb.jpg
부산시 빌라주택,빌라/주택,"월세 2,000/150","2,000만원",150만원,해운대구 중동,2층,118.36m2,방4 화장실2 : 풀옵션 채광좋음 단기 별도 문의,https://www.peterpanz.com/house/19104767,https://img.peterpanz.com/photo/20260330/19104767/69ca16ce81a36_thumb.jpg
부산시 빌라주택,빌라/주택,"월세 1,000/55","1,000만원",55만원,동구 수정동,1층,47.36m2,"실매물, 룸3+거실1포룸,화2, 가성비좋은집, 인기많은집",https://www.peterpanz.com/house/19181421,https://img.peterpanz.com/photo/20260413/19181341/69dc83144f7b4_thumb.jpg
부산시 빌라주택,빌라/주택,"월세 5,000/25","5,000만원",25만원,사상구 모라동,3층,26.60m2,모라역 꿀매물 방2 거실1 모라역도보3분거리,https://www.peterpanz.com/house/19152501,https://img.peterpanz.com/photo/20250316/17144019/9e7d7004815acb17047ff749bb9ec59e_thumb.jpg
부산시 빌라주택,빌라/주택,"월세 2,000/80","2,000만원",80만원,수영구 수영동,고층,27.84m2,화이트톤 쓰리룸 인기매물 애완동물 가능 역세권 채광 최고,https://www.peterpanz.com/house/19253260,https://img.peterpanz.com/photo/20230227/13931773/63fc74aeedbd4_thumb.jpg
부산시 빌라주택,빌라/주택,단기 30/128,,,동구 좌천동,1층,92.57m2,부산진역 도보 5분 방3 가성비 숙소,https://www.peterpanz.com/house/18871864,https://img.peterpanz.com/photo/20250904/18041688/f48316ad7df474c1cd7c671b0d9542ef_thumb.jpg
부산시 빌라주택,빌라/주택,"월세 3,000/65","3,000만원",65만원,수영구 민락동,저층,61.49m2,앞마당+방3 거실1+4인가족 추천+즉시입주 가능,https://www.peterpanz.com/house/19176226,https://img.peterpanz.com/photo/20260410/19169772/69d8acbd612cd_thumb.jpg
부산시 빌라주택,빌라/주택,"월세 5,000/50","5,000만원",50만원,연제구 연산동,중층,60.71m2,근저당X 방3 거실1 귀한월세,https://www.peterpanz.com/house/19167743,https://img.peterpanz.com/photo/20260313/19021589/69b390a07c1bf_thumb.jpg
부산시 빌라주택,빌라/주택,월세 500/60,500만원,60만원,수영구 수영동,2층,57.59m2,수영역 저렴한 주택,https://www.peterpanz.com/house/19211381,https://img.peterpanz.com/photo/20260321/19060219/69be00ea37e0c_thumb.jpg
부산시 빌라주택,빌라/주택,월세 1억 /40,1억만원,40만원,남구 대연동,4층,46.22m2,거실+3 룸 넓고 채광좋은집 공원 가까운집,https://www.peterpanz.com/house/19262427,https://img.peterpanz.com/photo/20260429/19262427/69f1966ef13e5_thumb.jpg
부산시 빌라주택,빌라/주택,"월세 1,000/40","1,000만원",40만원,북구 덕천동,2층,56.04m2,방3거실1 l 단독세대 l 반려동물ok,https://www.peterpanz.com/house/19250647,https://img.peterpanz.com/photo/20260327/19093281/69c62acc14451_thumb.jpg
부산시 빌라주택,빌라/주택,"월세 2,000/40","2,000만원",40만원,수영구 광안동,1층,60m2,"광안동, 상아아파트 아래쪽 위치, 주택 월세, 즉시입주가능",https://www.peterpanz.com/house/19187389,https://img.peterpanz.com/photo/20260414/19187389/69ddd5ee84bf9_thumb.jpg
부산시 빌라주택,빌라/주택,"월세 1,000/60","1,000만원",60만원,사상구 감전동,고층,59.51m2,"ll방3개,거실1개ll 주택개조 귀한매물 즉시입주 보증금조절가능",https://www.peterpanz.com/house/19272121,https://img.peterpanz.com/photo/20260501/19272121/69f447e957bad_thumb.jpg
부산시 빌라주택,빌라/주택,"월세 2,000/50","2,000만원",50만원,수영구 광안동,4층,58m2,광안동관리비없음! 초가성비 리모델링 주택 쓰리룸,https://www.peterpanz.com/house/19193519,https://img.peterpanz.com/photo/20260415/19193519/69df33cee5cb7_thumb.jpg
부산시 빌라주택,빌라/주택,"월세 1,000/42","1,000만원",42만원,사하구 괴정동,1층,42m2,괴정1동주민센타주위 대로변서2분이내 평지 에어커 붙받이 주차시 3만추,https://www.peterpanz.com/house/19224746,https://img.peterpanz.com/photo/20260420/19215678/69e5be6a1a939_thumb.jpg
부산시 빌라주택,빌라/주택,월세 500/40,500만원,40만원,북구 덕천동,1층,80m2,"숙등역7분거리 주택1층 방3개, 거실, 마당 있는집",https://www.peterpanz.com/house/19289414,https://img.peterpanz.com/photo/20260505/19287646/69f97e89d35b8_thumb.jpg
부산시 빌라주택,빌라/주택,"월세 2,000/50","2,000만원",50만원,사하구 하단동,2층,85.96m2,<하단동> 상가주택 방3 화장실1 깨끗하고 넓은방 200050 주인직거래,https://www.peterpanz.com/house/19181003,https://img.peterpanz.com/photo/20260413/19181003/20d0ba9f47a940d1313dcb1b844d8846_thumb.jpg
부산시 빌라주택,빌라/주택,월세 150/110,150만원,110만원,연제구 거제동,3층,61.83m2,선착순구해줘 그집!화이트톤방3화장실2단기매물,https://www.peterpanz.com/house/19211967,https://img.peterpanz.com/photo/20260316/19031143/69b6d28978c2b_thumb.jpg
부산시 빌라주택,빌라/주택,월세 500/20,500만원,20만원,부산진구 전포동,중층,41.19m2,"방3,주방,화1,저렴한월세,도시가스",https://www.peterpanz.com/house/19124938,https://img.peterpanz.com/photo/20260301/18951575/69a3250d43d65_thumb.jpg
부산시 빌라주택,빌라/주택,단기 150/100,,,연제구 거제동,중층,61.83m2,방3 거실1전입가능한 귀한 4룸 단기!!,https://www.peterpanz.com/house/19297993,https://img.peterpanz.com/photo/20251023/18299796/68f9f870d2acd_thumb.jpg
부산시 빌라주택,빌라/주택,월세 150/110,150만원,110만원,연제구 거제동,고층,61.83m2,신축 방3화2 단기가능,https://www.peterpanz.com/house/19285860,https://img.peterpanz.com/photo/20260320/19056983/69bcda2d16594_thumb.jpg
부산시 빌라주택,빌라/주택,월세 300/30,300만원,30만원,해운대구 반여동,1층,37.68m2,반여동 방3 거실1 화장실1,https://www.peterpanz.com/house/19179419,https://img.peterpanz.com/photo/20260222/18916784/699a87366f6db_thumb.jpg
부산시 빌라주택,빌라/주택,월세 500/56,500만원,56만원,영도구 동삼동,2층,47.40m2,방3.거실1.름메이트 2~3명 쓰기좋아요,https://www.peterpanz.com/house/19246464,https://img.peterpanz.com/photo/20250812/17913498/689ac9aac077e_thumb.jpg
부산시 빌라주택,빌라/주택,"월세 2,000/40","2,000만원",40만원,북구 만덕동,1층,74.44m2,만덕동 l 1층독채 l 방3거실1 l 가성비,https://www.peterpanz.com/house/19168440,https://img.peterpanz.com/photo/20260309/18998156/69ae964e83ad2_thumb.jpg
부산시 빌라주택,빌라/주택,"월세 1,000/60","1,000만원",60만원,해운대구 중동,3층,69.43m2,부산 해운대 달맞이 고개 빌라 100060,https://www.peterpanz.com/house/19149623,https://img.peterpanz.com/photo/20260407/19149623/e87613ce6bd95b62b100d7846a73c23c_thumb.jpg
부산시 빌라주택,빌라/주택,월세 150/110,150만원,110만원,연제구 거제동,5층,61.83m2,"전호실 보유즉시입주방3, 화2, 에어컨3, 단기가능",https://www.peterpanz.com/house/19260926,https://img.peterpanz.com/photo/20251011/18230143/68ea1754cfded_thumb.jpg
부산시 빌라주택,빌라/주택,"월세 5,000/10","5,000만원",10만원,동래구 온천동,1층,68m2,반전세5000에10,https://www.peterpanz.com/house/19297775,https://img.peterpanz.com/photo/20260507/19297775/512348614b41534a8858702837e2540a_thumb.jpg
부산시 빌라주택,빌라/주택,월세 500/35,500만원,35만원,북구 구포동,2층,57.60m2,방3거실1 l 초초특가 l 샤시교체예정 l 인기매물,https://www.peterpanz.com/house/19269665,https://img.peterpanz.com/photo/20260430/19269665/69f32849f2137_thumb.jpg
부산시 빌라주택,빌라/주택,월세 500/70,500만원,70만원,동래구 안락동,3층,45.83m2,방3개거실풀옵션 신축 베스트 컨디션상세설명 꼭 읽어주세요,https://www.peterpanz.com/house/19252374,https://img.peterpanz.com/photo/20240626/15671525/667c27e78848f_thumb.jpg
부산시 빌라주택,빌라/주택,"월세 5,000/58","5,000만원",58만원,부산진구 개금동,7층,84.84m2,주인세대 방3 거1 화2 즉시입주 융자X,https://www.peterpanz.com/house/19258674,https://img.peterpanz.com/photo/20260428/19258674/69f17db3609bf_thumb.jpg
부산시 빌라주택,빌라/주택,"월세 1,000/39","1,000만원",39만원,남구 문현동,1층,49.89m2,포룸 꿀매물 초저가 역세권 집,https://www.peterpanz.com/house/19215828,https://img.peterpanz.com/photo/20230913/14619019/65014e4defb34_thumb.jpg
부산시 빌라주택,빌라/주택,월세 500/55,500만원,55만원,부산진구 전포동,8층,32.70m2,전포 가성비 방2개 거실1개 위치 최강,https://www.peterpanz.com/house/19152763,https://img.peterpanz.com/photo/20260408/19152763/69d5a6f63c6c2_thumb.jpg
부산시 빌라주택,빌라/주택,"월세 2,000/60","2,000만원",60만원,사하구 괴정동,3층,42.98m2,ꯁ !!3개월 월세무료!!ㅣ 방4ㅣ보건대 인근 리모델링 ꯁ,https://www.peterpanz.com/house/19192794,https://img.peterpanz.com/photo/20260415/19192794/69df1e9851637_thumb.jpg
부산시 빌라주택,빌라/주택,월세 500/25,500만원,25만원,해운대구 반여동,1층,45.25m2,어르신들 살기좋은 위치좋은 1층바깥집 방3칸 수리되어 깨끗,https://www.peterpanz.com/house/19186474,
서울시 빌라주택,빌라/주택,단기 30/220,,,구로구 오류동,7층,122.32m2,서울 감성 단기임대자개 무드 스튜디오풀옵션,https://www.peterpanz.com/house/19290998,https://img.peterpanz.com/photo/20260506/19288748/2992662f91be3782788637f90e6bb5f6_thumb.jpg
서울시 빌라주택,빌라/주택,"월세 2,000/170","2,000만원",170만원,강남구 청담동,B-1층,79.34m2,"(청담동) 넓은 음악 작업실입니다 [3Room, 강남구청역, 청담역]",https://www.peterpanz.com/house/19217341,https://img.peterpanz.com/photo/20260121/18762528/6999ef77b0ec9_thumb.jpg
서울시 빌라주택,빌라/주택,"월세 3,000/85","3,000만원",85만원,고양시 일산동구 식사동,중층,72.90m2,초품아 옆 다가구 빌라,https://www.peterpanz.com/house/19189367,https://img.peterpanz.com/photo/20260414/19189367/45ea5de5f3e0e7b5ffb66534a4c7a485_thumb.jpg
서울시 빌라주택,빌라/주택,"월세 3,000/250","3,000만원",250만원,강남구 삼성동,4층,132.48m2,사업자ㅣ대형평수ㅣ초대박 가성비ㅣ테라스ㅣ선착순,https://www.peterpanz.com/house/19260592,https://img.peterpanz.com/photo/20260429/19260592/69f165d432694_thumb.jpg
서울시 빌라주택,빌라/주택,"월세 4,000/150","4,000만원",150만원,중랑구 상봉동,4층,86.60m2,상봉역 역세권 방4개 월세 반려동물가능 상가주택 4층,https://www.peterpanz.com/house/19210751,https://img.peterpanz.com/photo/20260418/19210751/69e352c721aa0_thumb.jpg
서울시 빌라주택,빌라/주택,"월세 2,500/250","2,500만원",250만원,관악구 신림동,8층,136.98m2,"단독 테라스, 대왕 사이즈 주인세대 4룸, 회사 숙소 강력 추천",https://www.peterpanz.com/house/19275669,https://img.peterpanz.com/photo/20260502/19275669/69f576b2e3abf_thumb.jpg
서울시 빌라주택,빌라/주택,"월세 2,000/80","2,000만원",80만원,강서구 화곡동,2층,66.11m2,깔끔하고 구조좋은 3룸 빌라식다가구 공실,https://www.peterpanz.com/house/19263153,https://img.peterpanz.com/photo/20260429/19263153/69f1ad3f0d337_thumb.jpg
서울시 빌라주택,빌라/주택,단기 200/200,,,송파구 잠실동,3층,86.58m2,ㅁ365일 오픈ㅁ풀리모델링 첫 입주 쓰리룸 운동장급 사이즈,https://www.peterpanz.com/house/19228477,https://img.peterpanz.com/photo/20251217/18608115/694254cd14323_thumb.jpg
서울시 빌라주택,빌라/주택,"월세 3,000/144","3,000만원",144만원,강남구 역삼동,4층,83m2,"선릉역, 선정릉역 인근 넓은 쓰리룸 화장실 두개",https://www.peterpanz.com/house/19220883,https://img.peterpanz.com/photo/20260421/19220883/69e7026f63205_thumb.jpg
서울시 빌라주택,빌라/주택,단기 250/200,,,강남구 역삼동,고층,69.18m2,++단기임대 전문++ 강남역 가성비 최고 넓은 쓰리룸,https://www.peterpanz.com/house/19233164,https://img.peterpanz.com/photo/20251026/18311592/68fdc78d2c0ea_thumb.jpg
서울시 빌라주택,빌라/주택,"월세 3,000/130","3,000만원",130만원,강남구 논현동,1층,69.40m2,"가성비 쓰리룸, 빨리보세요",https://www.peterpanz.com/house/19289717,https://img.peterpanz.com/photo/20250924/18155574/68d392a284078_thumb.jpg
서울시 빌라주택,빌라/주택,"월세 2,000/100","2,000만원",100만원,강남구 청담동,반지층,71.05m2,"넓은 3룸 도배완료 ! 반지층, 주차 불가능, 애완동물 불가능",https://www.peterpanz.com/house/19174633,https://img.peterpanz.com/photo/20260411/19174633/69d9f017dd23d_thumb.jpg
서울시 빌라주택,빌라/주택,"월세 3,000/130","3,000만원",130만원,강남구 논현동,1층,67.56m2,3룸 20평형 꿀매물 나왔습니다 큰 방 원하시는분 여기!! 1.5층,https://www.peterpanz.com/house/19297984,https://img.peterpanz.com/photo/20260507/19297984/69fc0989ae7ad_thumb.jpg
서울시 빌라주택,빌라/주택,"월세 3,000/170","3,000만원",170만원,강남구 삼성동,2층,73.11m2,"3룸 방들이 커요! 베란다 있고, 현관보안! 주차가능! 애완동물 불가!",https://www.peterpanz.com/house/19205668,https://img.peterpanz.com/photo/20260119/18753046/696dc01b42cef_thumb.jpg
서울시 빌라주택,빌라/주택,단기 260/250,,,강남구 청담동,2층,72.72m2,전입가능 청담역 방3 욕실1 풀옵션 리모델링,https://www.peterpanz.com/house/19240856,https://img.peterpanz.com/photo/20230125/13811531/63d39e3e8960b_thumb.jpg
서울시 빌라주택,빌라/주택,"월세 3,000/140","3,000만원",140만원,마포구 성산동,2층,73.31m2,홍대입구역 도보10분 거리에 있고 전용이 넓은 쓰리룸 빌라매물임,https://www.peterpanz.com/house/19246706,https://img.peterpanz.com/photo/20230518/14215091/64804632a7dd0_thumb.jpg
서울시 빌라주택,빌라/주택,"월세 3,000/135","3,000만원",135만원,관악구 신림동,3층,76.11m2,극강의 쓰리룸 실매 설명이 더 필요할까,https://www.peterpanz.com/house/19299073,https://img.peterpanz.com/photo/20260507/19299073/69fc1e9c3cb07_thumb.jpg
서울시 빌라주택,빌라/주택,"월세 3,000/250","3,000만원",250만원,강남구 삼성동,4층,132.48m2,"삼성중앙 역세권 주거형 사무실 연층,테라스",https://www.peterpanz.com/house/19276154,https://img.peterpanz.com/photo/20260502/19276154/69f5827da892d_thumb.jpg
서울시 빌라주택,빌라/주택,"월세 3,000/240","3,000만원",240만원,강남구 청담동,2층,68.47m2,진짜넓은 갓성비 쓰리룸 깔끔하고 넓은 3빌라,https://www.peterpanz.com/house/19158208,https://img.peterpanz.com/photo/20260106/18686279/695ce5a74a062_thumb.jpg
서울시 빌라주택,빌라/주택,"월세 4,000/75","4,000만원",75만원,금천구 시흥동,3층,78.94m2,"깔끔한 올수리 쓰리룸 월세, 신축급 인테리어",https://www.peterpanz.com/house/19264520,https://img.peterpanz.com/photo/20260429/19264520/69f59e16ab6f8_thumb.jpg
서울시 빌라주택,빌라/주택,"월세 2,000/135","2,000만원",135만원,관악구 신림동,2층,79.34m2,<<실매물>> 리모델링첫입주,https://www.peterpanz.com/house/19146094,https://img.peterpanz.com/photo/20260303/18962754/69a6a2548d228_thumb.jpg
서울시 빌라주택,빌라/주택,"월세 1,000/95","1,000만원",95만원,관악구 신림동,1층,75.20m2,전입신고 가능! 저렴하고 넓은 4룸입니다,https://www.peterpanz.com/house/19221491,https://img.peterpanz.com/photo/20260421/19221491/69e7111a0acd5_thumb.jpg
서울시 빌라주택,빌라/주택,"월세 3,000/120","3,000만원",120만원,성동구 송정동,3층,82.65m2,아늑한집,https://www.peterpanz.com/house/19217872,https://img.peterpanz.com/photo/20230424/14134300/8a8985e8b2b7c778584958771336f16a_thumb.jpg
서울시 빌라주택,빌라/주택,"월세 4,000/90","4,000만원",90만원,부천시 오정구 오정동,3층,82.73m2,최우선변제OK신탁X준신축테라스 3룸,https://www.peterpanz.com/house/19293248,https://img.peterpanz.com/photo/20260416/19196583/69e32973204da_thumb.jpg
서울시 빌라주택,빌라/주택,"월세 3,000/130","3,000만원",130만원,관악구 신림동,3층,66.12m2,"신림역500M,큰~방3화장실2,에어컨3,베란다有,주변공원위치",https://www.peterpanz.com/house/19272626,https://img.peterpanz.com/photo/20241014/16198837/670c8d4d3036d_thumb.jpg
서울시 빌라주택,빌라/주택,단기 300/250,,,강남구 대치동,1층,75m2,연중무휴 대치동 깔끔한 3룸 단기 풀옵션,https://www.peterpanz.com/house/19282123,https://img.peterpanz.com/photo/20251126/18489440/692ceff486e53_thumb.jpg
서울시 빌라주택,빌라/주택,"월세 2,000/200","2,000만원",200만원,서초구 방배동,고층,78.52m2,행운의집 이수역 근처 싸이즈 좋은 쓰리룸,https://www.peterpanz.com/house/19257915,https://img.peterpanz.com/photo/20260428/19257915/69f052ee918d0_thumb.jpg
서울시 빌라주택,빌라/주택,"월세 3,000/130","3,000만원",130만원,고양시 덕양구 화정동,중층,100m2,"화정동단독독채,올수리,집앞공원,화정역출퇴근거리,용정초등학교,명지병원근접.",https://www.peterpanz.com/house/19293420,https://img.peterpanz.com/photo/20260202/18825769/69807a74cc4b4_thumb.jpg
서울시 빌라주택,빌라/주택,단기 240/240,,,송파구 삼전동,3층,76.56m2,ㅁ365일 오픈ㅁ특대 쓰리룸 주차 3대 가능 초대형 사이즈,https://www.peterpanz.com/house/19170362,https://img.peterpanz.com/photo/20251218/18615826/6943be649ba3f_thumb.jpg
서울시 빌라주택,빌라/주택,"월세 2,800/170","2,800만원",170만원,강남구 대치동,5층,73.49m2,3룸 2욕실 실평수 더 넓습니다 옥상 사용 대형배란다 수납많은 집,https://www.peterpanz.com/house/19253457,https://img.peterpanz.com/photo/20260427/19253457/69ef41488aa1b_thumb.jpg
서울시 빌라주택,빌라/주택,"월세 3,000/100","3,000만원",100만원,중랑구 면목동,2층,69.42m2,중랑천이가까운 주차o 넓은사이즈 21평 3룸 갓성비 월세,https://www.peterpanz.com/house/19220636,https://img.peterpanz.com/photo/20260421/19220636/69e70d8844425_thumb.jpg
서울시 빌라주택,빌라/주택,"월세 2,000/200","2,000만원",200만원,용산구 이태원동,2층,83.23m2,2층으로 가격대비 많이큰편이며 .풀옵션이므로 간단한소품만 갖이고 오시면,https://www.peterpanz.com/house/19174639,https://img.peterpanz.com/photo/20260411/19174367/69d9ea2b11e45_thumb.jpg
서울시 빌라주택,빌라/주택,"월세 3,000/100","3,000만원",100만원,관악구 신림동,4층,86.12m2,서원역+엄청큰쓰리룸+주인세대,https://www.peterpanz.com/house/19293940,https://img.peterpanz.com/photo/20260506/19293940/69faea436f9b7_thumb.jpg
서울시 빌라주택,빌라/주택,"월세 2,000/190","2,000만원",190만원,도봉구 방학동,5층,70.34m2,"S. - 1년계약OK, 실평 30평 대로변 넓은집",https://www.peterpanz.com/house/19197951,https://img.peterpanz.com/photo/20260416/19197951/69e06c6141eaf_thumb.jpg
서울시 빌라주택,빌라/주택,"월세 2,000/190","2,000만원",190만원,강남구 대치동,3층,138.85m2,"실평 40평 대치동 음악학원, 개인작업실(근처에 없는 절대 저렴한 가격)",https://www.peterpanz.com/house/19272550,https://img.peterpanz.com/photo/20260501/19272550/59809649606e905450597fa6db095f07_thumb.jpg
서울시 빌라주택,빌라/주택,단기 200/180,,,강남구 삼성동,2층,70m2,연중무휴 상담가능 봉은사역 깔끔한 3룸 단기풀옵션 초특가,https://www.peterpanz.com/house/19205266,
서울시 빌라주택,빌라/주택,"월세 3,000/100","3,000만원",100만원,은평구 대조동,2층,97.90m2,연신내 역세권 도보 3분 구옥 3룸 월세 넓은 평수,https://www.peterpanz.com/house/19281683,
인천시 빌라주택,빌라/주택,월세 300/135,300만원,135만원,부평구 부평동,4층,84.74m2,신축 풀옵션 역세권 부평동 월세매물,https://www.peterpanz.com/house/19239013,https://img.peterpanz.com/photo/20260327/19090522/69c5f1058e1a8_thumb.jpg
인천시 빌라주택,빌라/주택,월세 100/75,100만원,75만원,미추홀구 용현동,4층,82.54m2,용현동 무보증 평수 큰 쓰리룸 단기.반려.전입.즉시입주 가능,https://www.peterpanz.com/house/19177460,https://img.peterpanz.com/photo/20251107/18382094/690d963be4120_thumb.jpg
인천시 빌라주택,빌라/주택,"월세 2,000/75","2,000만원",75만원,군포시 금정동,4층,79.34m2,큰베란다+방3개 다 넓은 쓰리룸,https://www.peterpanz.com/house/19258562,https://img.peterpanz.com/photo/20230715/14416686/64b24246cf11e_thumb.jpg
인천시 빌라주택,빌라/주택,월세 200/130,200만원,130만원,남동구 구월동,4층,67.77m2,풀옵션 올수리 구월동 월세매물,https://www.peterpanz.com/house/19284811,https://img.peterpanz.com/photo/20260504/19284811/69f849a7b5db9_thumb.jpg
인천시 빌라주택,빌라/주택,"월세 3,000/130","3,000만원",130만원,수원시 권선구 권선동,2층,70.14m2,로얄ꯁ 시청역 인근 대형 쓰리룸 ꯁ 딱한호실 ꯁ 전입OK ꯁ,https://www.peterpanz.com/house/19219498,https://img.peterpanz.com/photo/20260421/19219498/69e6ea64650a7_thumb.jpg
인천시 빌라주택,빌라/주택,월세 150/140,150만원,140만원,수원시 권선구 고색동,중층,68.62m2,반려동물가능,https://www.peterpanz.com/house/19211197,https://img.peterpanz.com/photo/20260419/19211197/69e441e09e176_thumb.jpg
인천시 빌라주택,빌라/주택,"월세 3,000/130","3,000만원",130만원,수원시 권선구 권선동,3층,70.14m2,로얄 ꯁ 대형쓰리룸 ꯁ 더블역세권 ꯁ 빠른입주 ꯁ,https://www.peterpanz.com/house/19219594,https://img.peterpanz.com/photo/20260421/19219594/69e6e59ca0f31_thumb.jpg
인천시 빌라주택,빌라/주택,월세 70/95,70만원,95만원,중구 답동,2층,82.85m2,00무보증월세00전입가능00반려동물가능00즉시입주가능,https://www.peterpanz.com/house/19263079,https://img.peterpanz.com/photo/20260310/19000208/69af79e227040_thumb.jpg
인천시 빌라주택,빌라/주택,"월세 3,000/130","3,000만원",130만원,수원시 장안구 송죽동,4층,84.79m2,포돌이 추천 탑층 애완동물0 즉시입주 가능한 신축 풀옵션 방3 화2,https://www.peterpanz.com/house/19266777,https://img.peterpanz.com/photo/20260430/19266777/69f2ee62d9b6e_thumb.jpg
인천시 빌라주택,빌라/주택,월세 300/120,300만원,120만원,부평구 십정동,중층,81.54m2,"ꕥ 십정동 인피니엄 오피스텔 Ꙭ펜트리룸,파우더룸 다있음 ꕥ",https://www.peterpanz.com/house/19299092,https://img.peterpanz.com/photo/20260305/18976585/69a922f329026_thumb.jpg
인천시 빌라주택,빌라/주택,단기 100/85,,,남동구 만수동,6층,66.16m2,만수동 20평대 쓰리룸 1개월부터 단기월세 즉시입주 반려동물가능,https://www.peterpanz.com/house/19180297,https://img.peterpanz.com/photo/20260413/19180297/69dc70d7851c2_thumb.jpg
인천시 빌라주택,빌라/주택,"월세 3,000/130","3,000만원",130만원,수원시 권선구 권선동,2층,70.14m2,The수원ㅣ쓰리룸 귀한매물 ꯁꯁꯁ 선착순 ꯁꯁꯁ,https://www.peterpanz.com/house/19223026,https://img.peterpanz.com/photo/20260421/19223026/69e73a0c0debd_thumb.jpg
인천시 빌라주택,빌라/주택,"월세 3,000/130","3,000만원",130만원,수원시 팔달구 고등동,3층,74.97m2,D.R쓰리룸+펜트리O 가성비 월세 왕넓은,https://www.peterpanz.com/house/19269635,https://img.peterpanz.com/photo/20260430/19269635/69f324f4ac998_thumb.jpg
인천시 빌라주택,빌라/주택,월세 200/135,200만원,135만원,남동구 구월동,4층,67.77m2,예술회관역 도보4분 풀옵션 쓰리룸,https://www.peterpanz.com/house/19258588,https://img.peterpanz.com/photo/20260428/19258588/69f0654297428_thumb.jpg
인천시 빌라주택,빌라/주택,월세 280/135,280만원,135만원,부평구 부평동,중층,84.52m2,신축 첫입주 쓰리룸 오피스텔(방3 화2) 보면 계약하는 집,https://www.peterpanz.com/house/19168457,https://img.peterpanz.com/photo/20250812/17916606/689b27544d51a_thumb.jpg
인천시 빌라주택,빌라/주택,월세 300/135,300만원,135만원,부평구 부평동,고층,83.54m2,ꕥ 선착순 ꕥ 부평에 뜬 신축 풀옵션 쓰리룸 ꕥ 지금이기회,https://www.peterpanz.com/house/18829445,https://img.peterpanz.com/photo/20250809/17903680/6896be95b87ac_thumb.jpg
인천시 빌라주택,빌라/주택,"월세 3,000/83","3,000만원",83만원,수원시 장안구 조원동,중층,66m2,에이벨 I 전입.주차가능.귀한 풀옵션 넓은 3룸 I,https://www.peterpanz.com/house/19253959,https://img.peterpanz.com/photo/20260313/19019939/69b372be52008_thumb.jpg
인천시 빌라주택,빌라/주택,월세 100/75,100만원,75만원,미추홀구 용현동,4층,82.54m2,무보증단기월세 반려 쓰리룸 즉시입주가능,https://www.peterpanz.com/house/19162249,https://img.peterpanz.com/photo/20251108/18386395/690ed64d6eab9_thumb.jpg
인천시 빌라주택,빌라/주택,"월세 3,000/88","3,000만원",88만원,안산시 상록구 이동,3층,84.16m2,한대앞역 7분 준신축 주인세대 쓰리룸,https://www.peterpanz.com/house/18728464,https://img.peterpanz.com/photo/20260114/18728464/69672cae6d2cf_thumb.jpg
인천시 빌라주택,빌라/주택,"월세 3,000/130","3,000만원",130만원,수원시 권선구 권선동,2층,70.14m2,ꕥThe수원ꕥ 반려ok ꕥ 풀옵션 쓰리룸 ꕥ 주차100프로 ꕥ,https://www.peterpanz.com/house/19217030,https://img.peterpanz.com/photo/20260420/19217030/69e5e50aa6885_thumb.jpg
인천시 빌라주택,빌라/주택,"월세 1,000/90","1,000만원",90만원,수원시 권선구 권선동,4층,99.75m2,로얄ꯁ 단독층 쓰리룸 ꯁ 단독테라스 ꯁ 풀옵션,https://www.peterpanz.com/house/19206359,https://img.peterpanz.com/photo/20260417/19206359/69e1f61c65a35_thumb.jpg
인천시 빌라주택,빌라/주택,"월세 3,000/130","3,000만원",130만원,수원시 팔달구 고등동,3층,74.97m2,전용23평 넓은 평수 3R 풀옵션 월세,https://www.peterpanz.com/house/19292672,https://img.peterpanz.com/photo/20260506/19292672/69fad339a0a19_thumb.jpg
인천시 빌라주택,빌라/주택,월세 200/100,200만원,100만원,미추홀구 도화동,저층,72.23m2,전용 24평 신축급 오피스텔 풀옵션 방3화2 전입가능,https://www.peterpanz.com/house/19261847,https://img.peterpanz.com/photo/20260429/19261847/69f17cdc193c0_thumb.jpg
인천시 빌라주택,빌라/주택,월세 150/75,150만원,75만원,부평구 십정동,4층,74.80m2,"전용 74m2 방3 화2 간석역 인근 전입, 주차 가능",https://www.peterpanz.com/house/19233465,https://img.peterpanz.com/photo/20260423/19233465/69e9c6650b00d_thumb.jpg
인천시 빌라주택,빌라/주택,월세 70/95,70만원,95만원,중구 답동,2층,82.85m2,00무보증월세00전입가능00반려동물가능00즉시입주가능,https://www.peterpanz.com/house/19264828,https://img.peterpanz.com/photo/20250409/17294544/67f5d34a2da9d_thumb.jpg
인천시 빌라주택,빌라/주택,월세 250/105,250만원,105만원,미추홀구 숭의동,중층,69.83m2,숭의동 신축 쓰리룸,https://www.peterpanz.com/house/18966824,https://img.peterpanz.com/photo/20250929/18178642/68db62b113676_thumb.jpg
인천시 빌라주택,빌라/주택,"월세 1,000/90","1,000만원",90만원,수원시 권선구 권선동,4층,99.75m2,로얄 | 사이즈미쳤다.쓰리룸.최강.풀옵션.옥상서비스공간GOOD,https://www.peterpanz.com/house/19206362,https://img.peterpanz.com/photo/20260417/19206362/69e1f654291a0_thumb.jpg
인천시 빌라주택,빌라/주택,월세 100/75,100만원,75만원,안산시 상록구 일동,1층,66.12m2,빙3화장실2.20평,https://www.peterpanz.com/house/19151743,https://img.peterpanz.com/photo/20251104/18362024/bda7819fe96c8647c9c3d062a10e3d98_thumb.jpg
인천시 빌라주택,빌라/주택,"월세 2,000/160","2,000만원",160만원,수원시 팔달구 구천동,고층,146.23m2,대형평수쓰리룸 테라스까지 즉시입주,https://www.peterpanz.com/house/19294594,https://img.peterpanz.com/photo/20260506/19294594/69faf967b53d7_thumb.jpg
인천시 빌라주택,빌라/주택,월세 70/95,70만원,95만원,중구 답동,2층,82.85m2,00무보증월세00전입가능00반려동물가능00즉시입주가능,https://www.peterpanz.com/house/19264833,https://img.peterpanz.com/photo/20260430/19264833/69f2a8714523e_thumb.jpg
인천시 빌라주택,빌라/주택,"월세 2,000/80","2,000만원",80만원,미추홀구 학익동,4층,82.56m2,학익동 대로변 인근 쓰리룸 통베란다,https://www.peterpanz.com/house/19163304,https://img.peterpanz.com/photo/20260206/18849910/69858e0c5297c_thumb.jpg
인천시 빌라주택,빌라/주택,"월세 2,000/160","2,000만원",160만원,수원시 팔달구 구천동,8층,110m2,더수원l 허위X 정확한금액 초대형 주인세대 월세 반려동물협의,https://www.peterpanz.com/house/19258634,https://img.peterpanz.com/photo/20260428/19258634/69fc09e926250_thumb.jpg
인천시 빌라주택,빌라/주택,월세 200/120,200만원,120만원,중구 신흥동3가,3층,80.53m2,신축 첫입주 전용 80 오피스텔 방3화2 전입가능,https://www.peterpanz.com/house/19256460,https://img.peterpanz.com/photo/20260428/19256460/69f03de36a371_thumb.jpg
부산시 오피스텔,오피스텔,"월세 2,000/190","2,000만원",190만원,부암동 부산시민공원푸르지오,중층,84.89m2,신축첫입주방3개 화장실2개,https://www.peterpanz.com/house/19256952,https://img.peterpanz.com/photo/20260428/19256952/69f03c5547a39_thumb.jpg
부산시 오피스텔,오피스텔,"월세 1,000/125","1,000만원",125만원,좌천동 부산항일동미라주더오션2지구,고층,82.83m2,정말 귀한 포룸 보증금 1천 매물 등장했습니다!!!!!,https://www.peterpanz.com/house/19297106,https://img.peterpanz.com/photo/20260507/19297106/69fbf9191ec17_thumb.jpg
부산시 오피스텔,오피스텔,"월세 2,000/170","2,000만원",170만원,전포동 서면세종그랑시아,고층,186.96m2,초대형60평 파이브룸 거실 방4 욕실2 지하주차,https://www.peterpanz.com/house/19187676,https://img.peterpanz.com/photo/20240601/15570423/665ae6ae49f3f_thumb.jpg
부산시 오피스텔,오피스텔,"월세 2,000/185","2,000만원",185만원,초량동 협성마리나G7,32층,123.76m2,최고급포룸최고의뷰고급풀옵션커뮤니티최고보증금조절,https://www.peterpanz.com/house/19276422,https://img.peterpanz.com/photo/20250313/17124605/67d25875ea8ff_thumb.jpg
부산시 오피스텔,오피스텔,"월세 2,500/120","2,500만원",120만원,문현동 국제금융센터퀸즈W,중층,83.52m2,역세권 풀옵션월세반전세보증금조절,https://www.peterpanz.com/house/19261858,https://img.peterpanz.com/photo/20240829/15956008/66cff7648ea50_thumb.jpg
부산시 오피스텔,오피스텔,"월세 3,000/200","3,000만원",200만원,초량동 롯데캐슬드메르(생활숙박시설),51층,90.94m2,롯데캐슬 드메르 방3개 에어컨 4대,https://www.peterpanz.com/house/19233943,https://img.peterpanz.com/photo/20260423/19233943/69e9d1519ebbd_thumb.jpg
부산시 오피스텔,오피스텔,"월세 3,000/110","3,000만원",110만원,망미동 힐스테이트센텀더퍼스트,저층,76.83m2,76 착한월세 수영강 브릿지조망 방3욕실2 신축첫입주 화이트톤 전입x,https://www.peterpanz.com/house/19222223,https://img.peterpanz.com/photo/20260311/19010221/69b11630b8d70_thumb.jpg
부산시 오피스텔,오피스텔,"월세 2,000/140","2,000만원",140만원,초량동 롯데캐슬드메르(생활숙박시설),10층,90.94m2,점점 비싸져요!선착순1명구해줘 그집!북항대교귀한그집,https://www.peterpanz.com/house/19246876,https://img.peterpanz.com/photo/20251107/18381847/690d8ea1e902a_thumb.jpg
부산시 오피스텔,오피스텔,"월세 1,000/125","1,000만원",125만원,좌천동 부산항일동미라주더오션2지구,고층,82.83m2,방3욕실2 전실에어컨 진짜귀한매물 오늘나갑니다,https://www.peterpanz.com/house/19287846,https://img.peterpanz.com/photo/20260505/19287846/69f98b85011c5_thumb.jpg
부산시 오피스텔,오피스텔,"월세 1,500/125","1,500만원",125만원,남천동 폴스테이,11층,77.10m2,즉시 입주 옵션 빵빵 폴스테이 방3 완전 넓은 월세 가능한 오피스텔,https://www.peterpanz.com/house/19180811,https://img.peterpanz.com/photo/20250829/18011510/68b171b1c56c9_thumb.jpg
부산시 오피스텔,오피스텔,"월세 1,000/140","1,000만원",140만원,문현동 IFC부산,고층,79.27m2,싸고좋은매물은 오늘나갑니다 호텔급 층별분리수거 지하주차 방3욕실2,https://www.peterpanz.com/house/19187611,https://img.peterpanz.com/photo/20240524/15540955/66501146381d7_thumb.jpg
부산시 오피스텔,오피스텔,"월세 3,000/90","3,000만원",90만원,양정동 시청역롯데골드로즈,중층,91.82m2,꿀매물.입주협의,https://www.peterpanz.com/house/19206436,https://img.peterpanz.com/photo/20260417/19206436/69e604f97deb2_thumb.jpg
부산시 오피스텔,오피스텔,"월세 1,000/130","1,000만원",130만원,문현동 IFC부산,고층,79.27m2,[월세]피터팬 1등 부동산 실사진 최저가포룸 실매물,https://www.peterpanz.com/house/19246985,https://img.peterpanz.com/photo/20240305/15236295/65e6c97f3a584_thumb.jpg
부산시 오피스텔,오피스텔,"월세 2,000/115","2,000만원",115만원,부암동 서면지원더뷰파크,저층,84.97m2,피터팬1등부동산귀한 보증금포룸 단독실매물100%소장직접안내,https://www.peterpanz.com/house/19247356,https://img.peterpanz.com/photo/20250220/16990654/67b682ba398bd_thumb.jpg
부산시 오피스텔,오피스텔,"월세 3,500/150","3,500만원",150만원,망미동 힐스테이트센텀더퍼스트,중층,84.99m2,`* 막힘없는 수영강뷰 전입가능 첫입주 l 즉시입주가능,https://www.peterpanz.com/house/19282845,https://img.peterpanz.com/photo/20260504/19282845/69f81f6fa3ca7_thumb.jpg
부산시 오피스텔,오피스텔,"월세 2,000/140","2,000만원",140만원,문현동 IFC부산,43층,79.27m2,II 실매물 II IFC부산 II 포룸 II,https://www.peterpanz.com/house/19185908,https://img.peterpanz.com/photo/20260210/18870514/698bd974efd2a_thumb.jpg
부산시 오피스텔,오피스텔,"월세 2,000/120","2,000만원",120만원,초량동 롯데캐슬드메르(생활숙박시설),고층,90.99m2,역세권오피스텔월세풀옵션단기보증금조절,https://www.peterpanz.com/house/19153638,https://img.peterpanz.com/photo/20260408/19153638/69d5b6264b508_thumb.jpg
부산시 오피스텔,오피스텔,"월세 2,000/140","2,000만원",140만원,문현동 IFC부산,고층,79.27m2,실매물비아이시티 포룸 떴습니다 D,https://www.peterpanz.com/house/19270179,https://img.peterpanz.com/photo/20251009/18215127/69039e445c4c5_thumb.jpg
부산시 오피스텔,오피스텔,"월세 2,000/125","2,000만원",125만원,망미동 힐스테이트센텀더퍼스트,고층,76.83m2,착한월세 모던럭셔리 첫입주 시원한고층 수영강뷰 전입x 사업자0 방3욕2,https://www.peterpanz.com/house/19181153,https://img.peterpanz.com/photo/20260309/18997147/69ae72a6446ef_thumb.jpg
부산시 오피스텔,오피스텔,"월세 2,000/115","2,000만원",115만원,부암동 서면지원더뷰파크,저층,84.97m2,-떳다 전세 꿀매물-소장이 직접안내!-,https://www.peterpanz.com/house/19144226,https://img.peterpanz.com/photo/20260406/19144226/69d36cb639a15_thumb.jpg
부산시 오피스텔,오피스텔,"월세 2,000/130","2,000만원",130만원,문현동 IFC부산,47층,79.27m2,귀한 포룸 월세,https://www.peterpanz.com/house/19232183,https://img.peterpanz.com/photo/20260317/19043551/69b91dc3c89e3_thumb.jpg
부산시 오피스텔,오피스텔,"월세 1,000/135","1,000만원",135만원,문현동 IFC부산,고층,79.27m2,"당일확인, 최저가 비아이시티 포룸전타입 보유",https://www.peterpanz.com/house/19215623,https://img.peterpanz.com/photo/20230419/14116755/643f8bed41ba4_thumb.jpg
부산시 오피스텔,오피스텔,"월세 3,000/50","3,000만원",50만원,양정동 광진,중층,86.46m2,방 2개 거실 1개 3룸!!보증금조절 가능한 가성비 꿀매물,https://www.peterpanz.com/house/19298083,https://img.peterpanz.com/photo/20250530/17614704/68394dba7229b_thumb.jpg
부산시 오피스텔,오피스텔,"월세 3,000/130","3,000만원",130만원,문현동 IFC부산,고층,79.27m2,"고층뷰,방3,거실,화2,부가세별도,넓은집,초역세권",https://www.peterpanz.com/house/19275649,https://img.peterpanz.com/photo/20250930/18186594/68dbd16abd7e5_thumb.jpg
부산시 오피스텔,오피스텔,"월세 3,000/130","3,000만원",130만원,문현동 국제금융센터퀸즈W,저층,83.52m2,풀옵션 방3 욕실2 에어컨4 건조기 세탁기 냉장고 등 전입불가,https://www.peterpanz.com/house/19287704,https://img.peterpanz.com/photo/20241220/16611293/6764f385edfb6_thumb.jpg
부산시 오피스텔,오피스텔,"월세 2,000/130","2,000만원",130만원,문현동 IFC부산,고층,79.27m2,피터팬1등부동산포룸 단독실매물100%소장직접안내,https://www.peterpanz.com/house/19251245,https://img.peterpanz.com/photo/20260203/18828725/6981638d9ab02_thumb.jpg
부산시 오피스텔,오피스텔,"월세 3,000/130","3,000만원",130만원,문현동 국제금융센터퀸즈W,저층,83.52m2,사업자가능 . 방3화2거실1 . 드레스룸 . 건조기,https://www.peterpanz.com/house/19299622,https://img.peterpanz.com/photo/20240202/15112055/65bca2552c49e_thumb.jpg
부산시 오피스텔,오피스텔,"월세 1,500/123","1,500만원",123만원,남천동 폴스테이,7층,77.10m2,선착순여성강추 가성비화이트톤초역세권보증금 조절가능!,https://www.peterpanz.com/house/19176943,https://img.peterpanz.com/photo/20240907/16008433/66dc62ed6a489_thumb.jpg
부산시 오피스텔,오피스텔,월세 200/100,200만원,100만원,부전동 서면TK골드뷰,4층,68.99m2,쓰리룸 단기 기본옵션 완비,https://www.peterpanz.com/house/19248745,https://img.peterpanz.com/photo/20251028/18325007/69008161e6cf0_thumb.jpg
부산시 오피스텔,오피스텔,"월세 2,000/140","2,000만원",140만원,문현동 IFC부산,45층,79.27m2,비아이시티 풀옵션 포룸 인기좋은방!,https://www.peterpanz.com/house/19218881,https://img.peterpanz.com/photo/20260125/18785158/697593afe7bba_thumb.jpg
부산시 오피스텔,오피스텔,"월세 1,500/125","1,500만원",125만원,남천동 폴스테이,16층,77.16m2,남천역 드디어나왔다 대로변포룸 선착순1명 찐강추,https://www.peterpanz.com/house/19180868,https://img.peterpanz.com/photo/20260119/18755535/696df75503acf_thumb.jpg
부산시 오피스텔,오피스텔,"월세 3,000/150","3,000만원",150만원,망미동 힐스테이트센텀더퍼스트,중층,84.99m2,"84A 가장착한, 첫입주실물이 더이쁜 수영강조망, 햇살좋은남동향 전입0",https://www.peterpanz.com/house/19181347,https://img.peterpanz.com/photo/20260318/19047383/69ba40f49280a_thumb.jpg
부산시 오피스텔,오피스텔,"월세 3,000/130","3,000만원",130만원,남천동 리부스남천,고층,84.95m2,"84, 남천역 초 역세권 방3,욕2 귀한 월세",https://www.peterpanz.com/house/19285344,https://img.peterpanz.com/photo/20260320/19058301/69bd047bc137e_thumb.jpg
부산시 오피스텔,오피스텔,"월세 2,000/140","2,000만원",140만원,초량동 롯데캐슬드메르(생활숙박시설),고층,90.94m2,"롯데캐슬드메르 포룸첫입주 최저가 확보, 최고급커뮤니티",https://www.peterpanz.com/house/19272454,https://img.peterpanz.com/photo/20260210/18868288/698abf4e7bc6a_thumb.jpg
인천시 오피스텔,오피스텔,월세 250/120,250만원,120만원,신흥동1가 대동캐슬,11층,81.60m2,인천 중구이마트+신포역 도보5분즉시입주가능단기+장기가능옵션선택가능,https://www.peterpanz.com/house/19249725,https://img.peterpanz.com/photo/20260427/19249725/69eed9be5f6ca_thumb.jpg
인천시 오피스텔,오피스텔,단기 100/85,,,부평동 오티아빌,3층,68.07m2,즉시입주 1개월부터 단기월세 쓰리룸 반려동물가능 기간협의,https://www.peterpanz.com/house/19181142,https://img.peterpanz.com/photo/20260413/19181142/69dc80478d845_thumb.jpg
인천시 오피스텔,오피스텔,"월세 3,000/80","3,000만원",80만원,목감동 목감의아침,6층,75.53m2,시흥 쓰리룸 오피스텔 신축급 직거래 내놓습니다.,https://www.peterpanz.com/house/19294472,https://img.peterpanz.com/photo/20260506/19294472/69faf5c7b4059_thumb.jpg
인천시 오피스텔,오피스텔,단기 50/70,,,부평동 월드S클래스,2층,68.92m2,부평시장역 도보1분+단기 쓰리룸+즉시입주가능,https://www.peterpanz.com/house/19265122,https://img.peterpanz.com/photo/20260430/19265122/69f2ae311078b_thumb.jpg
인천시 오피스텔,오피스텔,단기 200/150,,,부평동 M-타워7,8층,82.02m2,즉시입주 컨디션 최상 1개월부터 단기월세 쓰리룸 반려동물가능 기간협의,https://www.peterpanz.com/house/19219500,https://img.peterpanz.com/photo/20260421/19219500/69e6e1dbb815f_thumb.jpg
인천시 오피스텔,오피스텔,월세 50/90,50만원,90만원,가좌동 하이월드,저층,68.70m2,ꔪꔪ 모델하우스 ꔪꔪ 지금 당장 보러오세요 ꔪꔪ 신축매물최다보유,https://www.peterpanz.com/house/19205360,https://img.peterpanz.com/photo/20260417/19205360/69e1d9f1c73a7_thumb.jpg
인천시 오피스텔,오피스텔,"월세 3,000/130","3,000만원",130만원,도화동 주안역미추홀더리브,21층,83.85m2,역세권. 도화ic인근. 교통요충지,https://www.peterpanz.com/house/19228513,https://img.peterpanz.com/photo/20260422/19228513/4aaabede3f541469b699d0eb0da2e059_thumb.jpg
인천시 오피스텔,오피스텔,월세 200/135,200만원,135만원,신흥동2가 누벨르시티,6층,74.14m2,신흥동 신축급 쓰리룸,https://www.peterpanz.com/house/19127091,https://img.peterpanz.com/photo/20260403/19127091/69cf2a0f910e2_thumb.jpg
인천시 오피스텔,오피스텔,단기 100/75,,,간석동 어반카운티,8층,66.74m2,즉시입주 가능 방세개 화장실2개 1개월부터 단기월세 반려동물가능,https://www.peterpanz.com/house/19180885,https://img.peterpanz.com/photo/20260413/19180885/69dc7a91786d6_thumb.jpg
인천시 오피스텔,오피스텔,단기 100/90,,,부개동 주영팰리스Ⅱ,6층,72.66m2,즉시입주가능 쓰리룸 단기월세1개월부터 반려동물가능 기간협의,https://www.peterpanz.com/house/19184332,https://img.peterpanz.com/photo/20260414/19184332/69dd945b4f813_thumb.jpg
인천시 오피스텔,오피스텔,월세 220/110,220만원,110만원,신흥동1가 터닝팰리스(민간임대),고층,77.62m2,신축 방3화2 시스템에어컨2대. 빨리 계약 될 집,https://www.peterpanz.com/house/19228964,https://img.peterpanz.com/photo/20260423/19228964/0d9024df68a6a55c0244ef642807121f_thumb.jpg
인천시 오피스텔,오피스텔,단기 100/80,,,숭의동 해피드림(148-20),8층,80.52m2,즉시입주가능 방세개 화장실두개 단기월세 1개월부터 반려동물가능,https://www.peterpanz.com/house/19231419,https://img.peterpanz.com/photo/20260423/19231419/69e99bf9690d0_thumb.jpg
인천시 오피스텔,오피스텔,월세 70/80,70만원,80만원,범박동 안팰리스Ⅱ,1층,69.12m2,00무보증월세00전입가능00반려동물가능00즉시입주가능,https://www.peterpanz.com/house/19298429,https://img.peterpanz.com/photo/20250325/17205399/67e27834d121c_thumb.jpg
인천시 오피스텔,오피스텔,"월세 3,000/70","3,000만원",70만원,주안동 아르누보,고층,69.20m2,시민공원역 8분거리,https://www.peterpanz.com/house/19176265,https://img.peterpanz.com/photo/20260412/19176265/d9aef86746f0a1e80123981cafef62b5_thumb.jpg
인천시 오피스텔,오피스텔,월세 200/110,200만원,110만원,용현동 용현휴안스카이에비뉴,고층,78.67m2,ꕥ인하대역인근ꕥ 지금 놓치면 기회 없음 ꕥ 매물최다보유,https://www.peterpanz.com/house/18993439,https://img.peterpanz.com/photo/20240403/15349917/660cd8013a373_thumb.jpg
인천시 오피스텔,오피스텔,월세 250/120,250만원,120만원,신흥동1가 대동캐슬,11층,81.60m2,"신포역,이마트5분아파트형오피스텔넓고깨끗한내부쓰리룸단기임대장기문의",https://www.peterpanz.com/house/19283949,https://img.peterpanz.com/photo/20260427/19249616/69eed756b98a8_thumb.jpg
인천시 오피스텔,오피스텔,단기 100/80,,,주안동 탑스퀘어2차,5층,82.83m2,즉시입주가능 1개월부터 반려동물가능 단기월세 기간협의,https://www.peterpanz.com/house/19154376,https://img.peterpanz.com/photo/20260408/19154376/69d5c1b54baa5_thumb.jpg
인천시 오피스텔,오피스텔,월세 200/85,200만원,85만원,십정동 DH씨밀레,저층,70.52m2,ꤠ 동암No.1 ꤠ 초희귀 포룸 ꤠ 신축급 인테리어로 맘을 뺏김 ꤠ,https://www.peterpanz.com/house/18989900,https://img.peterpanz.com/photo/20251017/18264492/68f1baf9d3b55_thumb.jpg
인천시 오피스텔,오피스텔,월세 280/130,280만원,130만원,부평동 스카이씨티,12층,84.68m2,24년 첫 입주오피스텔 쓰리룸. 풀옵션. 스카이뷰. 주차100%,https://www.peterpanz.com/house/19218087,https://img.peterpanz.com/photo/20250907/18058173/68bd0004efcd8_thumb.jpg
인천시 오피스텔,오피스텔,단기 100/100,,,부평동 퀸스타운,3층,68.51m2,즉시입주가능 쓰리룸 화장실두개 컨디션최상 반려동물가능,https://www.peterpanz.com/house/19187357,https://img.peterpanz.com/photo/20260414/19187357/69ddd4c994b8c_thumb.jpg
인천시 오피스텔,오피스텔,단기 0/70,,,숭의동 다온시티,6층,69.17m2,즉시 입주 가능한 깔끔한 매물입니다.,https://www.peterpanz.com/house/19292626,https://img.peterpanz.com/photo/20260506/19292626/69fad2a735262_thumb.jpg
인천시 오피스텔,오피스텔,단기 100/75,,,숭의동 해담아트빌,2층,75.54m2,즉시입주가능 쓰리룸 화2 단기월세1개월부터 반려동물가능,https://www.peterpanz.com/house/19247823,https://img.peterpanz.com/photo/20260427/19247823/69eebc3e28c9d_thumb.jpg
인천시 오피스텔,오피스텔,월세 100/75,100만원,75만원,주안동 미진앤파크Ⅰ,중층,73.02m2,ꔚ주안역 인근 ꔚ초역세권 학세권 집상태최상 쓰리룸ꔚ,https://www.peterpanz.com/house/19026463,https://img.peterpanz.com/photo/20240522/15532656/664d91c3cef97_thumb.jpg
인천시 오피스텔,오피스텔,단기 100/75,,,간석동 대준블루인,10층,77.52m2,간석동 신축급 23평 쓰리룸+즉시입주가능+상세설명필독,https://www.peterpanz.com/house/19240455,https://img.peterpanz.com/photo/20260424/19240455/69eb339b92f95_thumb.jpg
인천시 오피스텔,오피스텔,월세 50/90,50만원,90만원,가좌동 하이월드,고층,68.70m2,신축.방3화2. 보증금 없는 월세 선납,https://www.peterpanz.com/house/19200741,https://img.peterpanz.com/photo/20260416/19200741/f3f6df3ae0fae8a02b2168a2c9a8bf1c_thumb.jpg
인천시 오피스텔,오피스텔,월세 200/120,200만원,120만원,용현동 용현휴안스카이에비뉴,19층,74.78m2,One of Best 최상급 쓰리룸 오피스텔 1티어 매물,https://www.peterpanz.com/house/19153346,https://img.peterpanz.com/photo/20250724/17852540/68819ce707837_thumb.jpg
인천시 오피스텔,오피스텔,"월세 3,000/120","3,000만원",120만원,주안동 더로프트,저층,83.31m2,"주안역신축주안역신 더로프트3차 반전세 , 월세",https://www.peterpanz.com/house/19156323,https://img.peterpanz.com/photo/20250707/17792370/686b32d05c6d3_thumb.jpg
인천시 오피스텔,오피스텔,월세 100/70,100만원,70만원,간석동 늘푸른파크,8층,69.19m2,"간석동 강추 방3화2 매물 간석역 인접 단기,전입OK",https://www.peterpanz.com/house/19292205,https://img.peterpanz.com/photo/20260506/19292205/69fac95739650_thumb.jpg
